cell_id,Density
90,2.385395641849108
91,2.385395641849108
92,2.385395641849108
93,2.385395641849108
94,2.385395641849108
95,2.385395641849108
96,2.385395641849108
97,2.385395641849108
