cell_id,Density
90,2.4995
91,2.3985000000000003
92,2.4995
93,2.3985000000000003
94,2.4995
95,2.3985000000000003
96,2.4995
97,2.3985000000000003
