cell_id,Density
90,2.52463084525
91,2.54075502055
92,2.52463084525
93,2.54075502055
94,2.52463084525
95,2.54075502055
96,2.52463084525
97,2.54075502055
